-- autogenerated filters seed for Avtomarket
SET NAMES utf8mb4;

-- ===== ref_colors from mobilede_filters_color.csv =====
DROP TABLE IF EXISTS ref_colors;
CREATE TABLE ref_colors (
  id INT UNSIGNED NOT NULL AUTO_INCREMENT,
  code VARCHAR(64) NOT NULL,
  label VARCHAR(255) NOT NULL,
  sort_order INT UNSIGNED NOT NULL DEFAULT 100,
  PRIMARY KEY (id),
  UNIQUE KEY uq_ref_colors_code (code)
) ENGINE=InnoDB DEFAULT CHARSET=utf8mb4;
INSERT INTO ref_colors (code, label, sort_order) VALUES
  ('BLACK;Black','BLACK;Black',100),
  ('GREY;Grey','GREY;Grey',110),
  ('BEIGE;Beige','BEIGE;Beige',120),
  ('BROWN;Brown','BROWN;Brown',130),
  ('RED;Red','RED;Red',140),
  ('GREEN;Green','GREEN;Green',150),
  ('BLUE;Blue','BLUE;Blue',160),
  ('PURPLE;Purple','PURPLE;Purple',170),
  ('GOLD;Gold','GOLD;Gold',180),
  ('WHITE;White','WHITE;White',190),
  ('ORANGE;Orange','ORANGE;Orange',200),
  ('SILVER;Silver','SILVER;Silver',210),
  ('YELLOW;Yellow','YELLOW;Yellow',220);

-- ===== ref_interior_colors from mobilede_filters_interiorColor.csv =====
DROP TABLE IF EXISTS ref_interior_colors;
CREATE TABLE ref_interior_colors (
  id INT UNSIGNED NOT NULL AUTO_INCREMENT,
  code VARCHAR(64) NOT NULL,
  label VARCHAR(255) NOT NULL,
  sort_order INT UNSIGNED NOT NULL DEFAULT 100,
  PRIMARY KEY (id),
  UNIQUE KEY uq_ref_interior_colors_code (code)
) ENGINE=InnoDB DEFAULT CHARSET=utf8mb4;
INSERT INTO ref_interior_colors (code, label, sort_order) VALUES
  ('BLACK;Black','BLACK;Black',100),
  ('GREY;Grey','GREY;Grey',110),
  ('BEIGE;Beige','BEIGE;Beige',120),
  ('BROWN;Brown','BROWN;Brown',130),
  ('RED;Red','RED;Red',140),
  ('BLUE;Blue','BLUE;Blue',150),
  ('OTHER_INTERIOR_COLOR;Other','OTHER_INTERIOR_COLOR;Other',160);

-- ===== ref_interior_types from mobilede_filters_interiorType.csv =====
DROP TABLE IF EXISTS ref_interior_types;
CREATE TABLE ref_interior_types (
  id INT UNSIGNED NOT NULL AUTO_INCREMENT,
  code VARCHAR(64) NOT NULL,
  label VARCHAR(255) NOT NULL,
  sort_order INT UNSIGNED NOT NULL DEFAULT 100,
  PRIMARY KEY (id),
  UNIQUE KEY uq_ref_interior_types_code (code)
) ENGINE=InnoDB DEFAULT CHARSET=utf8mb4;
INSERT INTO ref_interior_types (code, label, sort_order) VALUES
  ('LEATHER;Full leather','LEATHER;Full leather',100),
  ('PARTIAL_LEATHER;Part leather','PARTIAL_LEATHER;Part leather',110),
  ('FABRIC;Cloth','FABRIC;Cloth',120),
  ('VELOUR;Velour','VELOUR;Velour',130),
  ('ALCANTARA;Alcantara','ALCANTARA;Alcantara',140),
  ('IMITATION_LEATHER;Imitation leather','IMITATION_LEATHER;Imitation leather',150),
  ('OTHER_INTERIOR_TYPE;Other','OTHER_INTERIOR_TYPE;Other',160);

-- ===== ref_fuels from mobilede_filters_fuel.csv =====
DROP TABLE IF EXISTS ref_fuels;
CREATE TABLE ref_fuels (
  id INT UNSIGNED NOT NULL AUTO_INCREMENT,
  code VARCHAR(64) NOT NULL,
  label VARCHAR(255) NOT NULL,
  sort_order INT UNSIGNED NOT NULL DEFAULT 100,
  PRIMARY KEY (id),
  UNIQUE KEY uq_ref_fuels_code (code)
) ENGINE=InnoDB DEFAULT CHARSET=utf8mb4;
INSERT INTO ref_fuels (code, label, sort_order) VALUES
  ('PETROL;Petrol','PETROL;Petrol',100),
  ('DIESEL;Diesel','DIESEL;Diesel',110),
  ('LPG;LPG','LPG;LPG',120),
  ('CNG;Natural Gas','CNG;Natural Gas',130),
  ('ELECTRICITY;Electric','ELECTRICITY;Electric',140),
  ('HYBRID;Hybrid (petrol/electric)','HYBRID;Hybrid (petrol/electric)',150),
  ('HYDROGENIUM;Hydrogen','HYDROGENIUM;Hydrogen',160),
  ('ETHANOL;Ethanol (FFV','ETHANOL;Ethanol (FFV',170),
  ('HYBRID_DIESEL;Hybrid (diesel/electric)','HYBRID_DIESEL;Hybrid (diesel/electric)',180),
  ('OTHER;Other','OTHER;Other',190);

-- ===== ref_gearboxes from mobilede_filters_gearbox.csv =====
DROP TABLE IF EXISTS ref_gearboxes;
CREATE TABLE ref_gearboxes (
  id INT UNSIGNED NOT NULL AUTO_INCREMENT,
  code VARCHAR(64) NOT NULL,
  label VARCHAR(255) NOT NULL,
  sort_order INT UNSIGNED NOT NULL DEFAULT 100,
  PRIMARY KEY (id),
  UNIQUE KEY uq_ref_gearboxes_code (code)
) ENGINE=InnoDB DEFAULT CHARSET=utf8mb4;
INSERT INTO ref_gearboxes (code, label, sort_order) VALUES
  ('MANUAL_GEAR;Manual gearbox','MANUAL_GEAR;Manual gearbox',100),
  ('SEMIAUTOMATIC_GEAR;Semi-automatic','SEMIAUTOMATIC_GEAR;Semi-automatic',110),
  ('AUTOMATIC_GEAR;Automatic','AUTOMATIC_GEAR;Automatic',120);

-- ===== ref_conditions from mobilede_filters_condition.csv =====
DROP TABLE IF EXISTS ref_conditions;
CREATE TABLE ref_conditions (
  id INT UNSIGNED NOT NULL AUTO_INCREMENT,
  code VARCHAR(64) NOT NULL,
  label VARCHAR(255) NOT NULL,
  sort_order INT UNSIGNED NOT NULL DEFAULT 100,
  PRIMARY KEY (id),
  UNIQUE KEY uq_ref_conditions_code (code)
) ENGINE=InnoDB DEFAULT CHARSET=utf8mb4;
INSERT INTO ref_conditions (code, label, sort_order) VALUES
  ('USED;Used vehicle','USED;Used vehicle',100),
  ('NEW;New vehicle','NEW;New vehicle',110);

-- ===== ref_usage_types from mobilede_filters_usageType.csv =====
DROP TABLE IF EXISTS ref_usage_types;
CREATE TABLE ref_usage_types (
  id INT UNSIGNED NOT NULL AUTO_INCREMENT,
  code VARCHAR(64) NOT NULL,
  label VARCHAR(255) NOT NULL,
  sort_order INT UNSIGNED NOT NULL DEFAULT 100,
  PRIMARY KEY (id),
  UNIQUE KEY uq_ref_usage_types_code (code)
) ENGINE=InnoDB DEFAULT CHARSET=utf8mb4;
INSERT INTO ref_usage_types (code, label, sort_order) VALUES
  ('PRE_REGISTRATION;Pre-Registration','PRE_REGISTRATION;Pre-Registration',100),
  ('EMPLOYEES_CAR;Employee''s Car','EMPLOYEES_CAR;Employee''s Car',110),
  ('CLASSIC;Classic','CLASSIC;Classic',120),
  ('DEMONSTRATION;Demonstration Vehicle','DEMONSTRATION;Demonstration Vehicle',130);

-- ===== ref_drive_types from mobilede_filters_driveType.csv =====
DROP TABLE IF EXISTS ref_drive_types;
CREATE TABLE ref_drive_types (
  id INT UNSIGNED NOT NULL AUTO_INCREMENT,
  code VARCHAR(64) NOT NULL,
  label VARCHAR(255) NOT NULL,
  sort_order INT UNSIGNED NOT NULL DEFAULT 100,
  PRIMARY KEY (id),
  UNIQUE KEY uq_ref_drive_types_code (code)
) ENGINE=InnoDB DEFAULT CHARSET=utf8mb4;
INSERT INTO ref_drive_types (code, label, sort_order) VALUES
  ('FRONT;Front wheel drive','FRONT;Front wheel drive',100),
  ('REAR;Rear wheel drive','REAR;Rear wheel drive',110),
  ('ALL_WHEEL;All wheel drive','ALL_WHEEL;All wheel drive',120);

-- ===== ref_driving_modes from mobilede_filters_drivingMode.csv =====
DROP TABLE IF EXISTS ref_driving_modes;
CREATE TABLE ref_driving_modes (
  id INT UNSIGNED NOT NULL AUTO_INCREMENT,
  code VARCHAR(64) NOT NULL,
  label VARCHAR(255) NOT NULL,
  sort_order INT UNSIGNED NOT NULL DEFAULT 100,
  PRIMARY KEY (id),
  UNIQUE KEY uq_ref_driving_modes_code (code)
) ENGINE=InnoDB DEFAULT CHARSET=utf8mb4;
INSERT INTO ref_driving_modes (code, label, sort_order) VALUES
  ('FULLY_SUSPENDED_DRIVE;Shaft drive','FULLY_SUSPENDED_DRIVE;Shaft drive',100),
  ('CHAIN_DRIVE;Chain drive','CHAIN_DRIVE;Chain drive',110),
  ('BELT_DRIVE;Belt drive','BELT_DRIVE;Belt drive',120);

-- ===== ref_door_counts from mobilede_filters_doorCount.csv =====
DROP TABLE IF EXISTS ref_door_counts;
CREATE TABLE ref_door_counts (
  id INT UNSIGNED NOT NULL AUTO_INCREMENT,
  code VARCHAR(64) NOT NULL,
  label VARCHAR(255) NOT NULL,
  sort_order INT UNSIGNED NOT NULL DEFAULT 100,
  PRIMARY KEY (id),
  UNIQUE KEY uq_ref_door_counts_code (code)
) ENGINE=InnoDB DEFAULT CHARSET=utf8mb4;
INSERT INTO ref_door_counts (code, label, sort_order) VALUES
  ('TWO_OR_THREE;2/3','TWO_OR_THREE;2/3',100),
  ('FOUR_OR_FIVE;4/5','FOUR_OR_FIVE;4/5',110),
  ('SIX_OR_SEVEN;6/7','SIX_OR_SEVEN;6/7',120);

-- ===== ref_emission_classes from mobilede_filters_emissionClass.csv =====
DROP TABLE IF EXISTS ref_emission_classes;
CREATE TABLE ref_emission_classes (
  id INT UNSIGNED NOT NULL AUTO_INCREMENT,
  code VARCHAR(64) NOT NULL,
  label VARCHAR(255) NOT NULL,
  sort_order INT UNSIGNED NOT NULL DEFAULT 100,
  PRIMARY KEY (id),
  UNIQUE KEY uq_ref_emission_classes_code (code)
) ENGINE=InnoDB DEFAULT CHARSET=utf8mb4;
INSERT INTO ref_emission_classes (code, label, sort_order) VALUES
  ('EURO1;Euro1','EURO1;Euro1',100),
  ('EURO2;Euro2','EURO2;Euro2',110),
  ('EURO3;Euro3','EURO3;Euro3',120),
  ('EURO4;Euro4','EURO4;Euro4',130),
  ('EURO5;Euro5','EURO5;Euro5',140),
  ('EURO6;Euro6','EURO6;Euro6',150),
  ('EURO6C;Euro6c','EURO6C;Euro6c',160),
  ('EURO6D_TEMP;Euro6d-TEMP','EURO6D_TEMP;Euro6d-TEMP',170),
  ('EURO6D;Euro6d','EURO6D;Euro6d',180),
  ('EURO6E;Euro 6e','EURO6E;Euro 6e',190),
  ('EURO7;Euro 7','EURO7;Euro 7',200);

-- ===== ref_emission_stickers from mobilede_filters_emissionSticker.csv =====
DROP TABLE IF EXISTS ref_emission_stickers;
CREATE TABLE ref_emission_stickers (
  id INT UNSIGNED NOT NULL AUTO_INCREMENT,
  code VARCHAR(64) NOT NULL,
  label VARCHAR(255) NOT NULL,
  sort_order INT UNSIGNED NOT NULL DEFAULT 100,
  PRIMARY KEY (id),
  UNIQUE KEY uq_ref_emission_stickers_code (code)
) ENGINE=InnoDB DEFAULT CHARSET=utf8mb4;
INSERT INTO ref_emission_stickers (code, label, sort_order) VALUES
  ('EMISSIONSSTICKER_GREEN;4 (Green)','EMISSIONSSTICKER_GREEN;4 (Green)',100),
  ('EMISSIONSSTICKER_YELLOW;3 (Yellow)','EMISSIONSSTICKER_YELLOW;3 (Yellow)',110),
  ('EMISSIONSSTICKER_RED;2 (Red)','EMISSIONSSTICKER_RED;2 (Red)',120),
  ('EMISSIONSSTICKER_NONE;1 (None)','EMISSIONSSTICKER_NONE;1 (None)',130);

-- ===== ref_climatisations from mobilede_filters_climatisation.csv =====
DROP TABLE IF EXISTS ref_climatisations;
CREATE TABLE ref_climatisations (
  id INT UNSIGNED NOT NULL AUTO_INCREMENT,
  code VARCHAR(64) NOT NULL,
  label VARCHAR(255) NOT NULL,
  sort_order INT UNSIGNED NOT NULL DEFAULT 100,
  PRIMARY KEY (id),
  UNIQUE KEY uq_ref_climatisations_code (code)
) ENGINE=InnoDB DEFAULT CHARSET=utf8mb4;
INSERT INTO ref_climatisations (code, label, sort_order) VALUES
  ('NO_CLIMATISATION;No climatisation','NO_CLIMATISATION;No climatisation',100),
  ('MANUAL_CLIMATISATION;A/C (man.)','MANUAL_CLIMATISATION;A/C (man.)',110),
  ('AUTOMATIC_CLIMATISATION;Automatic air conditioning','AUTOMATIC_CLIMATISATION;Automatic air conditioning',120),
  ('AUTOMATIC_CLIMATISATION_2_ZONES;Automatic climatisation','AUTOMATIC_CLIMATISATION_2_ZONES;Automatic climatisation',130),
  ('AUTOMATIC_CLIMATISATION_3_ZONES;Automatic climatisation','AUTOMATIC_CLIMATISATION_3_ZONES;Automatic climatisation',140),
  ('AUTOMATIC_CLIMATISATION_4_ZONES;Automatic climatisation','AUTOMATIC_CLIMATISATION_4_ZONES;Automatic climatisation',150);

-- ===== ref_airbags from mobilede_filters_airbag.csv =====
DROP TABLE IF EXISTS ref_airbags;
CREATE TABLE ref_airbags (
  id INT UNSIGNED NOT NULL AUTO_INCREMENT,
  code VARCHAR(64) NOT NULL,
  label VARCHAR(255) NOT NULL,
  sort_order INT UNSIGNED NOT NULL DEFAULT 100,
  PRIMARY KEY (id),
  UNIQUE KEY uq_ref_airbags_code (code)
) ENGINE=InnoDB DEFAULT CHARSET=utf8mb4;
INSERT INTO ref_airbags (code, label, sort_order) VALUES
  ('DRIVER_AIRBAG;Driver Airbag','DRIVER_AIRBAG;Driver Airbag',100),
  ('FRONT_AIRBAGS;Front Airbags','FRONT_AIRBAGS;Front Airbags',110),
  ('FRONT_AND_SIDE_AIRBAGS;Front and Side Airbags','FRONT_AND_SIDE_AIRBAGS;Front and Side Airbags',120),
  ('FRONT_AND_SIDE_AND_MORE_AIRBAGS;Front and Side and More Airbags','FRONT_AND_SIDE_AND_MORE_AIRBAGS;Front and Side and More Airbags',130);

-- ===== ref_parking_assistants from mobilede_filters_parkingAssistant.csv =====
DROP TABLE IF EXISTS ref_parking_assistants;
CREATE TABLE ref_parking_assistants (
  id INT UNSIGNED NOT NULL AUTO_INCREMENT,
  code VARCHAR(64) NOT NULL,
  label VARCHAR(255) NOT NULL,
  sort_order INT UNSIGNED NOT NULL DEFAULT 100,
  PRIMARY KEY (id),
  UNIQUE KEY uq_ref_parking_assistants_code (code)
) ENGINE=InnoDB DEFAULT CHARSET=utf8mb4;
INSERT INTO ref_parking_assistants (code, label, sort_order) VALUES
  ('FRONT_SENSORS;Front','FRONT_SENSORS;Front',100),
  ('REAR_SENSORS;Rear','REAR_SENSORS;Rear',110),
  ('REAR_VIEW_CAM;Camera','REAR_VIEW_CAM;Camera',120),
  ('AUTOMATIC_PARKING;Self-steering systems','AUTOMATIC_PARKING;Self-steering systems',130),
  ('CAM_360_DEGREES;360° camera','CAM_360_DEGREES;360° camera',140);

-- ===== ref_speed_controls from mobilede_filters_speedControl.csv =====
DROP TABLE IF EXISTS ref_speed_controls;
CREATE TABLE ref_speed_controls (
  id INT UNSIGNED NOT NULL AUTO_INCREMENT,
  code VARCHAR(64) NOT NULL,
  label VARCHAR(255) NOT NULL,
  sort_order INT UNSIGNED NOT NULL DEFAULT 100,
  PRIMARY KEY (id),
  UNIQUE KEY uq_ref_speed_controls_code (code)
) ENGINE=InnoDB DEFAULT CHARSET=utf8mb4;
INSERT INTO ref_speed_controls (code, label, sort_order) VALUES
  ('CRUISE_CONTROL;Cruise control','CRUISE_CONTROL;Cruise control',100),
  ('ADAPTIVE_CRUISE_CONTROL;Adaptive Cruise Control','ADAPTIVE_CRUISE_CONTROL;Adaptive Cruise Control',110);

-- ===== ref_trailer_coupling_types from mobilede_filters_trailerCouplingType.csv =====
DROP TABLE IF EXISTS ref_trailer_coupling_types;
CREATE TABLE ref_trailer_coupling_types (
  id INT UNSIGNED NOT NULL AUTO_INCREMENT,
  code VARCHAR(64) NOT NULL,
  label VARCHAR(255) NOT NULL,
  sort_order INT UNSIGNED NOT NULL DEFAULT 100,
  PRIMARY KEY (id),
  UNIQUE KEY uq_ref_trailer_coupling_types_code (code)
) ENGINE=InnoDB DEFAULT CHARSET=utf8mb4;
INSERT INTO ref_trailer_coupling_types (code, label, sort_order) VALUES
  ('TRAILER_COUPLING_PREPARATION;Trailer coupling preparation','TRAILER_COUPLING_PREPARATION;Trailer coupling preparation',100),
  ('TRAILER_COUPLING_FIX;Fixed trailer coupling','TRAILER_COUPLING_FIX;Fixed trailer coupling',110),
  ('TRAILER_COUPLING_SWIVELING;Trailer coupling','TRAILER_COUPLING_SWIVELING;Trailer coupling',120),
  ('TRAILER_COUPLING_DETACHABLE;Trailer coupling','TRAILER_COUPLING_DETACHABLE;Trailer coupling',130);

-- ===== ref_wheel_bases from mobilede_filters_wheelBase.csv =====
DROP TABLE IF EXISTS ref_wheel_bases;
CREATE TABLE ref_wheel_bases (
  id INT UNSIGNED NOT NULL AUTO_INCREMENT,
  code VARCHAR(64) NOT NULL,
  label VARCHAR(255) NOT NULL,
  sort_order INT UNSIGNED NOT NULL DEFAULT 100,
  PRIMARY KEY (id),
  UNIQUE KEY uq_ref_wheel_bases_code (code)
) ENGINE=InnoDB DEFAULT CHARSET=utf8mb4;
INSERT INTO ref_wheel_bases (code, label, sort_order) VALUES
  ('SHORT;short','SHORT;short',100),
  ('MIDDLE;middle','MIDDLE;middle',110),
  ('LONG;long','LONG;long',120),
  ('EXTRA_LONG;extra long','EXTRA_LONG;extra long',130);

-- ===== ref_wheel_formulas from mobilede_filters_wheelFormula.csv =====
DROP TABLE IF EXISTS ref_wheel_formulas;
CREATE TABLE ref_wheel_formulas (
  id INT UNSIGNED NOT NULL AUTO_INCREMENT,
  code VARCHAR(64) NOT NULL,
  label VARCHAR(255) NOT NULL,
  sort_order INT UNSIGNED NOT NULL DEFAULT 100,
  PRIMARY KEY (id),
  UNIQUE KEY uq_ref_wheel_formulas_code (code)
) ENGINE=InnoDB DEFAULT CHARSET=utf8mb4;
INSERT INTO ref_wheel_formulas (code, label, sort_order) VALUES
  ('WHEEL_DRIVE_4x2;4x2','WHEEL_DRIVE_4x2;4x2',100),
  ('WHEEL_DRIVE_4x4;4x4','WHEEL_DRIVE_4x4;4x4',110),
  ('WHEEL_DRIVE_6x2;6x2','WHEEL_DRIVE_6x2;6x2',120),
  ('WHEEL_DRIVE_6x4;6x4','WHEEL_DRIVE_6x4;6x4',130),
  ('WHEEL_DRIVE_6x6;6x6','WHEEL_DRIVE_6x6;6x6',140),
  ('WHEEL_DRIVE_8x4;8x4','WHEEL_DRIVE_8x4;8x4',150),
  ('WHEEL_DRIVE_8x6;8x6','WHEEL_DRIVE_8x6;8x6',160),
  ('WHEEL_DRIVE_8x8;8x8','WHEEL_DRIVE_8x8;8x8',170),
  ('WHEEL_DRIVE_8x2;8x2','WHEEL_DRIVE_8x2;8x2',180);

-- ===== ref_headlight_types from mobilede_filters_headlightType.csv =====
DROP TABLE IF EXISTS ref_headlight_types;
CREATE TABLE ref_headlight_types (
  id INT UNSIGNED NOT NULL AUTO_INCREMENT,
  code VARCHAR(64) NOT NULL,
  label VARCHAR(255) NOT NULL,
  sort_order INT UNSIGNED NOT NULL DEFAULT 100,
  PRIMARY KEY (id),
  UNIQUE KEY uq_ref_headlight_types_code (code)
) ENGINE=InnoDB DEFAULT CHARSET=utf8mb4;
INSERT INTO ref_headlight_types (code, label, sort_order) VALUES
  ('XENON_HEADLIGHTS;Xenon headlights','XENON_HEADLIGHTS;Xenon headlights',100),
  ('BI_XENON_HEADLIGHTS;Bi-xenon headlights','BI_XENON_HEADLIGHTS;Bi-xenon headlights',110),
  ('LED_HEADLIGHTS;LED headlights','LED_HEADLIGHTS;LED headlights',120),
  ('LASER_HEADLIGHTS;Laser headlights','LASER_HEADLIGHTS;Laser headlights',130);

-- ===== ref_bending_light_types from mobilede_filters_bendingLightsType.csv =====
DROP TABLE IF EXISTS ref_bending_light_types;
CREATE TABLE ref_bending_light_types (
  id INT UNSIGNED NOT NULL AUTO_INCREMENT,
  code VARCHAR(64) NOT NULL,
  label VARCHAR(255) NOT NULL,
  sort_order INT UNSIGNED NOT NULL DEFAULT 100,
  PRIMARY KEY (id),
  UNIQUE KEY uq_ref_bending_light_types_code (code)
) ENGINE=InnoDB DEFAULT CHARSET=utf8mb4;
INSERT INTO ref_bending_light_types (code, label, sort_order) VALUES
  ('BENDING_LIGHTS;Adaptive lighting','BENDING_LIGHTS;Adaptive lighting',100),
  ('ADAPTIVE_BENDING_LIGHTS;Adaptive cornering lights','ADAPTIVE_BENDING_LIGHTS;Adaptive cornering lights',110);

-- ===== ref_sliding_door_types from mobilede_filters_slidingDoorType.csv =====
DROP TABLE IF EXISTS ref_sliding_door_types;
CREATE TABLE ref_sliding_door_types (
  id INT UNSIGNED NOT NULL AUTO_INCREMENT,
  code VARCHAR(64) NOT NULL,
  label VARCHAR(255) NOT NULL,
  sort_order INT UNSIGNED NOT NULL DEFAULT 100,
  PRIMARY KEY (id),
  UNIQUE KEY uq_ref_sliding_door_types_code (code)
) ENGINE=InnoDB DEFAULT CHARSET=utf8mb4;
INSERT INTO ref_sliding_door_types (code, label, sort_order) VALUES
  ('SLIDING_DOOR_RIGHT;Sliding door right','SLIDING_DOOR_RIGHT;Sliding door right',100),
  ('SLIDING_DOOR_LEFT;Sliding door left','SLIDING_DOOR_LEFT;Sliding door left',110),
  ('SLIDING_DOOR_BOTH_SIDED;Sliding door both-sided','SLIDING_DOOR_BOTH_SIDED;Sliding door both-sided',120);

-- ===== ref_heating_types from mobilede_filters_heatingType.csv =====
DROP TABLE IF EXISTS ref_heating_types;
CREATE TABLE ref_heating_types (
  id INT UNSIGNED NOT NULL AUTO_INCREMENT,
  code VARCHAR(64) NOT NULL,
  label VARCHAR(255) NOT NULL,
  sort_order INT UNSIGNED NOT NULL DEFAULT 100,
  PRIMARY KEY (id),
  UNIQUE KEY uq_ref_heating_types_code (code)
) ENGINE=InnoDB DEFAULT CHARSET=utf8mb4;
INSERT INTO ref_heating_types (code, label, sort_order) VALUES
  ('GAS;Gas','GAS;Gas',100),
  ('DIESEL;Diesel','DIESEL;Diesel',110),
  ('PETROL;Petrol','PETROL;Petrol',120),
  ('ELECTRICITY;Electric','ELECTRICITY;Electric',130),
  ('WOOD;mini wood burner','WOOD;mini wood burner',140);

-- ===== ref_height_types from mobilede_filters_heightType.csv =====
DROP TABLE IF EXISTS ref_height_types;
CREATE TABLE ref_height_types (
  id INT UNSIGNED NOT NULL AUTO_INCREMENT,
  code VARCHAR(64) NOT NULL,
  label VARCHAR(255) NOT NULL,
  sort_order INT UNSIGNED NOT NULL DEFAULT 100,
  PRIMARY KEY (id),
  UNIQUE KEY uq_ref_height_types_code (code)
) ENGINE=InnoDB DEFAULT CHARSET=utf8mb4;
INSERT INTO ref_height_types (code, label, sort_order) VALUES
  ('H1;H1','H1;H1',100),
  ('H2;H2','H2;H2',110),
  ('H3;H3','H3;H3',120);

-- ===== ref_length_types from mobilede_filters_lengthType.csv =====
DROP TABLE IF EXISTS ref_length_types;
CREATE TABLE ref_length_types (
  id INT UNSIGNED NOT NULL AUTO_INCREMENT,
  code VARCHAR(64) NOT NULL,
  label VARCHAR(255) NOT NULL,
  sort_order INT UNSIGNED NOT NULL DEFAULT 100,
  PRIMARY KEY (id),
  UNIQUE KEY uq_ref_length_types_code (code)
) ENGINE=InnoDB DEFAULT CHARSET=utf8mb4;
INSERT INTO ref_length_types (code, label, sort_order) VALUES
  ('L1;L1','L1;L1',100),
  ('L2;L2','L2;L2',110),
  ('L3;L3','L3;L3',120),
  ('L4;L4','L4;L4',130),
  ('L5;L5','L5;L5',140);

-- ===== ref_country_versions from mobilede_filters_countryVersion.csv =====
DROP TABLE IF EXISTS ref_country_versions;
CREATE TABLE ref_country_versions (
  id INT UNSIGNED NOT NULL AUTO_INCREMENT,
  code VARCHAR(64) NOT NULL,
  label VARCHAR(255) NOT NULL,
  sort_order INT UNSIGNED NOT NULL DEFAULT 100,
  PRIMARY KEY (id),
  UNIQUE KEY uq_ref_country_versions_code (code)
) ENGINE=InnoDB DEFAULT CHARSET=utf8mb4;
INSERT INTO ref_country_versions (code, label, sort_order) VALUES
  ('AA;','AA;',100),
  ('AC;','AC;',110),
  ('AD;Andorra','AD;Andorra',120),
  ('AE;United Arab Emirates','AE;United Arab Emirates',130),
  ('AF;Afghanistan','AF;Afghanistan',140),
  ('AG;Antigua and Barbuda','AG;Antigua and Barbuda',150),
  ('AI;Anguilla','AI;Anguilla',160),
  ('AL;Albania','AL;Albania',170),
  ('AM;Armenia','AM;Armenia',180),
  ('AN;Netherlands Antilles','AN;Netherlands Antilles',190),
  ('AO;Angola','AO;Angola',200),
  ('AP;Asia-Pacific','AP;Asia-Pacific',210),
  ('AQ;Antarctica','AQ;Antarctica',220),
  ('AR;Argentina','AR;Argentina',230),
  ('AS;American Samoa','AS;American Samoa',240),
  ('AT;Austria','AT;Austria',250),
  ('AU;Australia','AU;Australia',260),
  ('AX;"&Aring;land Islands"','AX;"&Aring;land Islands"',270),
  ('AW;Aruba','AW;Aruba',280),
  ('AZ;Azerbaijan','AZ;Azerbaijan',290),
  ('BA;Bosnia and Herzegovina','BA;Bosnia and Herzegovina',300),
  ('BB;Barbados','BB;Barbados',310),
  ('BD;Bangladesh','BD;Bangladesh',320),
  ('BE;Belgium','BE;Belgium',330),
  ('BF;Burkina Faso','BF;Burkina Faso',340),
  ('BG;Bulgaria','BG;Bulgaria',350),
  ('BH;Bahrain','BH;Bahrain',360),
  ('BI;Burundi','BI;Burundi',370),
  ('BJ;Benin','BJ;Benin',380),
  ('BM;Bermuda','BM;Bermuda',390),
  ('BN;Brunei Darussalam','BN;Brunei Darussalam',400),
  ('BO;Bolivia','BO;Bolivia',410),
  ('BR;Brazil','BR;Brazil',420),
  ('BS;Bahamas','BS;Bahamas',430),
  ('BT;Bhutan','BT;Bhutan',440),
  ('BV;Bouvet Island','BV;Bouvet Island',450),
  ('BW;Botswana','BW;Botswana',460),
  ('BY;Belarus','BY;Belarus',470),
  ('BZ;Belize','BZ;Belize',480),
  ('CA;Canada','CA;Canada',490),
  ('CC;Cocos (Keeling) Islands','CC;Cocos (Keeling) Islands',500),
  ('CD;Congo','CD;Congo',510),
  ('CF;Central African Republic','CF;Central African Republic',520),
  ('CG;Congo','CG;Congo',530),
  ('CH;Switzerland','CH;Switzerland',540),
  ('CI;Côte d''Ivoire','CI;Côte d''Ivoire',550),
  ('CK;Cook Islands','CK;Cook Islands',560),
  ('CL;Chile','CL;Chile',570),
  ('CM;Cameroon','CM;Cameroon',580),
  ('CN;China','CN;China',590),
  ('CO;Colombia','CO;Colombia',600),
  ('CR;Costa Rica','CR;Costa Rica',610),
  ('CS;Serbia and Montenegro','CS;Serbia and Montenegro',620),
  ('CU;Cuba','CU;Cuba',630),
  ('CV;Cape Verde','CV;Cape Verde',640),
  ('CX;Christmas Island','CX;Christmas Island',650),
  ('CY;Cyprus','CY;Cyprus',660),
  ('CZ;Czech Republic','CZ;Czech Republic',670),
  ('DE;Germany','DE;Germany',680),
  ('DJ;Djibouti','DJ;Djibouti',690),
  ('DK;Denmark','DK;Denmark',700),
  ('DM;Dominica','DM;Dominica',710),
  ('DO;Dominican Republic','DO;Dominican Republic',720),
  ('DZ;Algeria','DZ;Algeria',730),
  ('EC;Ecuador','EC;Ecuador',740),
  ('EE;Estonia','EE;Estonia',750),
  ('EG;Egypt','EG;Egypt',760),
  ('EH;Western Sahara','EH;Western Sahara',770),
  ('ER;Eritrea','ER;Eritrea',780),
  ('ES;Spain','ES;Spain',790),
  ('ET;Ethiopia','ET;Ethiopia',800),
  ('EU;EU Edition','EU;EU Edition',810),
  ('FI;Finland','FI;Finland',820),
  ('FJ;Fiji','FJ;Fiji',830),
  ('FK;Falkland Islands','FK;Falkland Islands',840),
  ('FL;','FL;',850),
  ('FM;Micronesia','FM;Micronesia',860),
  ('FO;Faroe Islands','FO;Faroe Islands',870),
  ('FR;France','FR;France',880),
  ('GA;Gabon','GA;Gabon',890),
  ('GB;United Kingdom','GB;United Kingdom',900),
  ('GD;Grenada','GD;Grenada',910),
  ('GE;Georgia','GE;Georgia',920),
  ('GF;French Guiana','GF;French Guiana',930),
  ('GH;Ghana','GH;Ghana',940),
  ('GI;Gibraltar','GI;Gibraltar',950),
  ('GL;Greenland','GL;Greenland',960),
  ('GM;Gambia','GM;Gambia',970),
  ('GN;Guinea','GN;Guinea',980),
  ('GP;Guadeloupe','GP;Guadeloupe',990),
  ('GQ;Equatorial Guinea','GQ;Equatorial Guinea',1000),
  ('GR;Greece','GR;Greece',1010),
  ('GS;South Georgia and the South Sandwich Islands','GS;South Georgia and the South Sandwich Islands',1020),
  ('GT;Guatemala','GT;Guatemala',1030),
  ('GU;Guam','GU;Guam',1040),
  ('GW;Guinea-Bissau','GW;Guinea-Bissau',1050),
  ('GY;Guyana','GY;Guyana',1060),
  ('HK;Hong Kong','HK;Hong Kong',1070),
  ('HM;Heard Island and McDonald Islands','HM;Heard Island and McDonald Islands',1080),
  ('HN;Honduras','HN;Honduras',1090),
  ('HR;Croatia','HR;Croatia',1100),
  ('HT;Haiti','HT;Haiti',1110),
  ('HU;Hungary','HU;Hungary',1120),
  ('ID;Indonesia','ID;Indonesia',1130),
  ('IE;Ireland','IE;Ireland',1140),
  ('IL;Israel','IL;Israel',1150),
  ('IN;India','IN;India',1160),
  ('IO;British Indian Ocean Territory','IO;British Indian Ocean Territory',1170),
  ('IQ;Iraq','IQ;Iraq',1180),
  ('IR;Iran','IR;Iran',1190),
  ('IS;Iceland','IS;Iceland',1200),
  ('IT;Italy','IT;Italy',1210),
  ('JM;Jamaica','JM;Jamaica',1220),
  ('JO;Jordan','JO;Jordan',1230),
  ('JE;Jersey','JE;Jersey',1240),
  ('JP;Japan','JP;Japan',1250),
  ('KE;Kenya','KE;Kenya',1260),
  ('KG;Kyrgyzstan','KG;Kyrgyzstan',1270),
  ('KH;Cambodia','KH;Cambodia',1280),
  ('KI;Kiribati','KI;Kiribati',1290),
  ('KM;Comoros','KM;Comoros',1300),
  ('KN;Saint Kitts and Nevis','KN;Saint Kitts and Nevis',1310),
  ('KP;Korea','KP;Korea',1320),
  ('KR;South Korea','KR;South Korea',1330),
  ('KW;Kuwait','KW;Kuwait',1340),
  ('KY;Cayman Islands','KY;Cayman Islands',1350),
  ('KZ;Kazakhstan','KZ;Kazakhstan',1360),
  ('LA;Lao People''s Democratic Republic','LA;Lao People''s Democratic Republic',1370),
  ('LB;Lebanon','LB;Lebanon',1380),
  ('LC;Saint Lucia','LC;Saint Lucia',1390),
  ('LI;Liechtenstein','LI;Liechtenstein',1400),
  ('LK;Sri Lanka','LK;Sri Lanka',1410),
  ('LR;Liberia','LR;Liberia',1420),
  ('LS;Lesotho','LS;Lesotho',1430),
  ('LT;Lithuania','LT;Lithuania',1440),
  ('LU;Luxembourg','LU;Luxembourg',1450),
  ('LV;Latvia','LV;Latvia',1460),
  ('LY;Libyan Arab Jamahiriya','LY;Libyan Arab Jamahiriya',1470),
  ('MA;Morocco','MA;Morocco',1480),
  ('MC;Monaco','MC;Monaco',1490),
  ('MD;Moldova','MD;Moldova',1500),
  ('ME;Montenegro','ME;Montenegro',1510),
  ('MG;Madagascar','MG;Madagascar',1520),
  ('MH;Marshall Islands','MH;Marshall Islands',1530),
  ('MK;Macedonia','MK;Macedonia',1540),
  ('ML;Mali','ML;Mali',1550),
  ('MM;Myanmar \tformerly Burma','MM;Myanmar \tformerly Burma',1560),
  ('MN;Mongolia','MN;Mongolia',1570),
  ('MO;Macao','MO;Macao',1580),
  ('MP;Northern Mariana Islands','MP;Northern Mariana Islands',1590),
  ('MQ;Martinique','MQ;Martinique',1600),
  ('MR;Mauritania','MR;Mauritania',1610),
  ('MS;Montserrat','MS;Montserrat',1620),
  ('MT;Malta','MT;Malta',1630),
  ('MU;Mauritius','MU;Mauritius',1640),
  ('MV;Maldives','MV;Maldives',1650),
  ('MW;Malawi','MW;Malawi',1660),
  ('MX;Mexico','MX;Mexico',1670),
  ('MY;Malaysia','MY;Malaysia',1680),
  ('MZ;Mozambique','MZ;Mozambique',1690),
  ('NA;Namibia','NA;Namibia',1700),
  ('NC;New Caledonia','NC;New Caledonia',1710),
  ('NE;Niger','NE;Niger',1720),
  ('NF;Norfolk Island','NF;Norfolk Island',1730),
  ('NG;Nigeria','NG;Nigeria',1740),
  ('NI;Nicaragua','NI;Nicaragua',1750),
  ('NL;Netherlands','NL;Netherlands',1760),
  ('NO;Norway','NO;Norway',1770),
  ('NP;Nepal','NP;Nepal',1780),
  ('NR;Nauru','NR;Nauru',1790),
  ('NU;Niue','NU;Niue',1800),
  ('NZ;New Zealand','NZ;New Zealand',1810),
  ('OM;Oman','OM;Oman',1820),
  ('PA;Panama','PA;Panama',1830),
  ('PE;Peru','PE;Peru',1840),
  ('PF;French Polynesia','PF;French Polynesia',1850),
  ('PG;Papua New Guinea','PG;Papua New Guinea',1860),
  ('PH;Philippines','PH;Philippines',1870),
  ('PK;Pakistan','PK;Pakistan',1880),
  ('PL;Poland','PL;Poland',1890),
  ('PM;Saint Pierre and Miquelon','PM;Saint Pierre and Miquelon',1900),
  ('PN;Pitcairn','PN;Pitcairn',1910),
  ('PR;Puerto Rico','PR;Puerto Rico',1920),
  ('PS;Palestinian Territory','PS;Palestinian Territory',1930),
  ('PT;Portugal','PT;Portugal',1940),
  ('PW;Palau','PW;Palau',1950),
  ('PY;Paraguay','PY;Paraguay',1960),
  ('QA;Qatar','QA;Qatar',1970),
  ('QM;','QM;',1980),
  ('QN;','QN;',1990),
  ('QO;','QO;',2000),
  ('QP;','QP;',2010),
  ('RE;Réunion','RE;Réunion',2020),
  ('RO;Romania','RO;Romania',2030),
  ('RS;Serbia','RS;Serbia',2040),
  ('RU;Russian Federation','RU;Russian Federation',2050),
  ('RW;Rwanda','RW;Rwanda',2060),
  ('SA;Saudi Arabia','SA;Saudi Arabia',2070),
  ('SB;Solomon Islands','SB;Solomon Islands',2080),
  ('SC;Seychelles','SC;Seychelles',2090),
  ('SD;Sudan','SD;Sudan',2100),
  ('SE;Sweden','SE;Sweden',2110),
  ('SG;Singapore','SG;Singapore',2120),
  ('SH;Saint Helena','SH;Saint Helena',2130),
  ('SI;Slovenia','SI;Slovenia',2140),
  ('SJ;Svalbard and Jan Mayen','SJ;Svalbard and Jan Mayen',2150),
  ('SK;Slovakia','SK;Slovakia',2160),
  ('SL;Sierra Leone','SL;Sierra Leone',2170),
  ('SM;San Marino','SM;San Marino',2180),
  ('SN;Senegal','SN;Senegal',2190),
  ('SO;Somalia','SO;Somalia',2200),
  ('SR;Suriname','SR;Suriname',2210),
  ('ST;Sao Tome and Principe','ST;Sao Tome and Principe',2220),
  ('SV;El Salvador','SV;El Salvador',2230),
  ('SY;Syrian Arab Republic','SY;Syrian Arab Republic',2240),
  ('SZ;Swaziland','SZ;Swaziland',2250),
  ('TC;Turks and Caicos Islands','TC;Turks and Caicos Islands',2260),
  ('TD;Chad','TD;Chad',2270),
  ('TF;French Southern Territories','TF;French Southern Territories',2280),
  ('TG;Togo','TG;Togo',2290),
  ('TH;Thailand','TH;Thailand',2300),
  ('TJ;Tajikistan','TJ;Tajikistan',2310),
  ('TK;Tokelau','TK;Tokelau',2320),
  ('TM;Turkmenistan','TM;Turkmenistan',2330),
  ('TN;Tunisia','TN;Tunisia',2340),
  ('TO;Tonga','TO;Tonga',2350),
  ('TP;','TP;',2360),
  ('TR;Turkey','TR;Turkey',2370),
  ('TT;Trinidad and Tobago','TT;Trinidad and Tobago',2380),
  ('TV;Tuvalu','TV;Tuvalu',2390),
  ('TW;Taiwan','TW;Taiwan',2400),
  ('TZ;Tanzania','TZ;Tanzania',2410),
  ('UA;Ukraine','UA;Ukraine',2420),
  ('UG;Uganda','UG;Uganda',2430),
  ('UM;','UM;',2440),
  ('US;USA','US;USA',2450),
  ('UY;Uruguay','UY;Uruguay',2460),
  ('UZ;Uzbekistan','UZ;Uzbekistan',2470),
  ('VA;Holy See (Vatican City State)','VA;Holy See (Vatican City State)',2480),
  ('VC;Saint Vincent and the Grenadines','VC;Saint Vincent and the Grenadines',2490),
  ('VE;Venezuela','VE;Venezuela',2500),
  ('VG;Virgin Islands (British)','VG;Virgin Islands (British)',2510),
  ('VI;Virgin Islands (U.S.)','VI;Virgin Islands (U.S.)',2520),
  ('VN;Viet Nam','VN;Viet Nam',2530),
  ('VU;Vanuatu','VU;Vanuatu',2540),
  ('WF;Wallis and Futuna','WF;Wallis and Futuna',2550),
  ('WS;Samoa','WS;Samoa',2560),
  ('YE;Yemen','YE;Yemen',2570),
  ('YT;Mayotte','YT;Mayotte',2580),
  ('YU;','YU;',2590),
  ('ZA;South Africa','ZA;South Africa',2600),
  ('ZM;Zambia','ZM;Zambia',2610),
  ('ZW;Zimbabwe','ZW;Zimbabwe',2620),
  ('ZZ;Unspecified country','ZZ;Unspecified country',2630);

-- ===== ref_vat_rates from mobilede_filters_vatrate.csv =====
DROP TABLE IF EXISTS ref_vat_rates;
CREATE TABLE ref_vat_rates (
  id INT UNSIGNED NOT NULL AUTO_INCREMENT,
  code VARCHAR(64) NOT NULL,
  label VARCHAR(255) NOT NULL,
  sort_order INT UNSIGNED NOT NULL DEFAULT 100,
  PRIMARY KEY (id),
  UNIQUE KEY uq_ref_vat_rates_code (code)
) ENGINE=InnoDB DEFAULT CHARSET=utf8mb4;
INSERT INTO ref_vat_rates (code, label, sort_order) VALUES
  ('5.00;','5.00;',100),
  ('7.00;','7.00;',110),
  ('7.60;','7.60;',120),
  ('7.70;','7.70;',130),
  ('8.00;','8.00;',140),
  ('8.10;','8.10;',150),
  ('9.00;','9.00;',160),
  ('10.70;','10.70;',170),
  ('15.00;','15.00;',180),
  ('16.00;','16.00;',190),
  ('17.00;','17.00;',200),
  ('17.50;','17.50;',210),
  ('18.00;','18.00;',220),
  ('19.00;','19.00;',230),
  ('19.60;','19.60;',240),
  ('20.00;','20.00;',250),
  ('21.00;','21.00;',260),
  ('22.00;','22.00;',270),
  ('23.00;','23.00;',280),
  ('24.00;','24.00;',290),
  ('25.00;','25.00;',300),
  ('25.50;','25.50;',310),
  ('27.00;','27.00;',320),
  ('OTHER;','OTHER;',330);

-- ===== ref_engine_capacity from ui_engine_capacity.csv =====
DROP TABLE IF EXISTS ref_engine_capacity;
CREATE TABLE ref_engine_capacity (
  id INT UNSIGNED NOT NULL AUTO_INCREMENT,
  code VARCHAR(64) NOT NULL,
  label VARCHAR(255) NOT NULL,
  sort_order INT UNSIGNED NOT NULL DEFAULT 100,
  PRIMARY KEY (id),
  UNIQUE KEY uq_ref_engine_capacity_code (code)
) ENGINE=InnoDB DEFAULT CHARSET=utf8mb4;
INSERT INTO ref_engine_capacity (code, label, sort_order) VALUES
  ('600;0.6;0.6 L','600;0.6;0.6 L',100),
  ('700;0.7;0.7 L','700;0.7;0.7 L',110),
  ('800;0.8;0.8 L','800;0.8;0.8 L',120),
  ('900;0.9;0.9 L','900;0.9;0.9 L',130),
  ('1000;1.0;1.0 L','1000;1.0;1.0 L',140),
  ('1100;1.1;1.1 L','1100;1.1;1.1 L',150),
  ('1200;1.2;1.2 L','1200;1.2;1.2 L',160),
  ('1300;1.3;1.3 L','1300;1.3;1.3 L',170),
  ('1400;1.4;1.4 L','1400;1.4;1.4 L',180),
  ('1500;1.5;1.5 L','1500;1.5;1.5 L',190),
  ('1600;1.6;1.6 L','1600;1.6;1.6 L',200),
  ('1700;1.7;1.7 L','1700;1.7;1.7 L',210),
  ('1800;1.8;1.8 L','1800;1.8;1.8 L',220),
  ('1900;1.9;1.9 L','1900;1.9;1.9 L',230),
  ('2000;2.0;2.0 L','2000;2.0;2.0 L',240),
  ('2100;2.1;2.1 L','2100;2.1;2.1 L',250),
  ('2200;2.2;2.2 L','2200;2.2;2.2 L',260),
  ('2300;2.3;2.3 L','2300;2.3;2.3 L',270),
  ('2400;2.4;2.4 L','2400;2.4;2.4 L',280),
  ('2500;2.5;2.5 L','2500;2.5;2.5 L',290),
  ('2600;2.6;2.6 L','2600;2.6;2.6 L',300),
  ('2700;2.7;2.7 L','2700;2.7;2.7 L',310),
  ('2800;2.8;2.8 L','2800;2.8;2.8 L',320),
  ('2900;2.9;2.9 L','2900;2.9;2.9 L',330),
  ('3000;3.0;3.0 L','3000;3.0;3.0 L',340),
  ('3100;3.1;3.1 L','3100;3.1;3.1 L',350),
  ('3200;3.2;3.2 L','3200;3.2;3.2 L',360),
  ('3300;3.3;3.3 L','3300;3.3;3.3 L',370),
  ('3400;3.4;3.4 L','3400;3.4;3.4 L',380),
  ('3500;3.5;3.5 L','3500;3.5;3.5 L',390),
  ('3600;3.6;3.6 L','3600;3.6;3.6 L',400),
  ('3700;3.7;3.7 L','3700;3.7;3.7 L',410),
  ('3800;3.8;3.8 L','3800;3.8;3.8 L',420),
  ('3900;3.9;3.9 L','3900;3.9;3.9 L',430),
  ('4000;4.0;4.0 L','4000;4.0;4.0 L',440),
  ('4100;4.1;4.1 L','4100;4.1;4.1 L',450),
  ('4200;4.2;4.2 L','4200;4.2;4.2 L',460),
  ('4300;4.3;4.3 L','4300;4.3;4.3 L',470),
  ('4400;4.4;4.4 L','4400;4.4;4.4 L',480),
  ('4500;4.5;4.5 L','4500;4.5;4.5 L',490),
  ('4600;4.6;4.6 L','4600;4.6;4.6 L',500),
  ('4700;4.7;4.7 L','4700;4.7;4.7 L',510),
  ('4800;4.8;4.8 L','4800;4.8;4.8 L',520),
  ('4900;4.9;4.9 L','4900;4.9;4.9 L',530),
  ('5000;5.0;5.0 L','5000;5.0;5.0 L',540),
  ('5100;5.1;5.1 L','5100;5.1;5.1 L',550),
  ('5200;5.2;5.2 L','5200;5.2;5.2 L',560),
  ('5300;5.3;5.3 L','5300;5.3;5.3 L',570),
  ('5400;5.4;5.4 L','5400;5.4;5.4 L',580),
  ('5500;5.5;5.5 L','5500;5.5;5.5 L',590),
  ('5600;5.6;5.6 L','5600;5.6;5.6 L',600),
  ('5700;5.7;5.7 L','5700;5.7;5.7 L',610),
  ('5800;5.8;5.8 L','5800;5.8;5.8 L',620),
  ('5900;5.9;5.9 L','5900;5.9;5.9 L',630),
  ('6000;6.0;6.0 L','6000;6.0;6.0 L',640),
  ('6100;6.1;6.1 L','6100;6.1;6.1 L',650),
  ('6200;6.2;6.2 L','6200;6.2;6.2 L',660),
  ('6300;6.3;6.3 L','6300;6.3;6.3 L',670),
  ('6400;6.4;6.4 L','6400;6.4;6.4 L',680),
  ('6500;6.5;6.5 L','6500;6.5;6.5 L',690),
  ('6600;6.6;6.6 L','6600;6.6;6.6 L',700),
  ('6700;6.7;6.7 L','6700;6.7;6.7 L',710),
  ('6800;6.8;6.8 L','6800;6.8;6.8 L',720),
  ('6900;6.9;6.9 L','6900;6.9;6.9 L',730),
  ('7000;7.0;7.0 L','7000;7.0;7.0 L',740),
  ('7100;7.1;7.1 L','7100;7.1;7.1 L',750),
  ('7200;7.2;7.2 L','7200;7.2;7.2 L',760),
  ('7300;7.3;7.3 L','7300;7.3;7.3 L',770),
  ('7400;7.4;7.4 L','7400;7.4;7.4 L',780),
  ('7500;7.5;7.5 L','7500;7.5;7.5 L',790),
  ('7600;7.6;7.6 L','7600;7.6;7.6 L',800),
  ('7700;7.7;7.7 L','7700;7.7;7.7 L',810),
  ('7800;7.8;7.8 L','7800;7.8;7.8 L',820),
  ('7900;7.9;7.9 L','7900;7.9;7.9 L',830),
  ('8000;8.0;8.0 L','8000;8.0;8.0 L',840);
